,Category,Overall Agreement Score
3,multi_turn_relationship,0.9095238095238095
0,media_format,0.8392857142857143
4,anthropomorphization,0.8095238095238095
6,answer_form,0.7647058823529411
7,self_disclosure,0.7647058823529411
5,restricted_flags,0.7023809523809524
1,topic,0.5842687074829932
2,function_purpose,0.49212018140589564
